{"cameraMode":{"drawMode":0,"name":"Shaded","section":"Shading Mode"},"sceneLighting":true,"audioPlay":false,"sceneViewState":{"m_AlwaysRefresh":false,"showFog":true,"showSkybox":true,"showFlares":true,"showImageEffects":true,"showParticleSystems":true,"showVisualEffectGraphs":true,"m_FxEnabled":true},"in2DMode":false,"pivot":{"x":-0.04198280721902847,"y":-0.3166670799255371,"z":-0.011045325547456742},"rotation":{"x":-0.7020785212516785,"y":-0.013664794154465199,"z":0.013477818109095097,"w":-0.7118322253227234},"size":0.45946425199508669,"orthographic":false}