{"cameraMode":{"drawMode":0,"name":"Shaded","section":"Shading Mode"},"sceneLighting":true,"audioPlay":false,"sceneViewState":{"m_AlwaysRefresh":false,"showFog":true,"showSkybox":true,"showFlares":true,"showImageEffects":true,"showParticleSystems":true,"showVisualEffectGraphs":true,"m_FxEnabled":true},"in2DMode":false,"pivot":{"x":0.7536484003067017,"y":4.6694817543029789,"z":1.495783805847168},"rotation":{"x":0.44878628849983218,"y":-0.34159550070762637,"z":0.19078722596168519,"w":0.8034493923187256},"size":0.47549208998680117,"orthographic":false}