{"cameraMode":{"drawMode":0,"name":"Shaded","section":"Shading Mode"},"sceneLighting":true,"audioPlay":false,"sceneViewState":{"m_AlwaysRefresh":false,"showFog":true,"showSkybox":true,"showFlares":true,"showImageEffects":true,"showParticleSystems":true,"showVisualEffectGraphs":true,"m_FxEnabled":true},"in2DMode":false,"pivot":{"x":0.4925690293312073,"y":3.9597480297088625,"z":2.115119695663452},"rotation":{"x":0.02248409204185009,"y":-0.8688968420028687,"z":0.49289318919181826,"w":0.03963484615087509},"size":1.2647475004196168,"orthographic":false}