{"cameraMode":{"drawMode":0,"name":"Shaded","section":"Shading Mode"},"sceneLighting":true,"audioPlay":false,"sceneViewState":{"m_AlwaysRefresh":false,"showFog":true,"showSkybox":true,"showFlares":true,"showImageEffects":true,"showParticleSystems":true,"showVisualEffectGraphs":true,"m_FxEnabled":true},"in2DMode":false,"pivot":{"x":5.834981441497803,"y":20.24364471435547,"z":-9.431225776672364},"rotation":{"x":0.6292696595191956,"y":-0.02424328774213791,"z":0.01963832415640354,"w":0.7765721082687378},"size":0.45946425199508669,"orthographic":false}