{"cameraMode":{"drawMode":0,"name":"Shaded","section":"Shading Mode"},"sceneLighting":true,"audioPlay":false,"sceneViewState":{"m_AlwaysRefresh":false,"showFog":true,"showSkybox":true,"showFlares":true,"showImageEffects":true,"showParticleSystems":true,"showVisualEffectGraphs":true,"m_FxEnabled":true},"in2DMode":false,"pivot":{"x":-0.17396152019500733,"y":0.8985783457756043,"z":-0.009692923165857792},"rotation":{"x":0.5771842002868652,"y":-0.11514146625995636,"z":0.08263455331325531,"w":0.8042222857475281},"size":0.5975630283355713,"orthographic":false}